,timestamp,name,value,meta.host,meta.job,meta.node,meta.plugin,meta.sensor,meta.task,meta.vsn,meta.zone
2172,2024-08-07 16:50:43.620566389+00:00,env.pressure,98936,0000d83add18cb30.ws-rpi,Pluginctl,000048b02d15bda5,waggle/plugin-iio:0.7.0,bme680,wes-iio-bme680,W022,shield
2162,2024-08-07 16:50:31.117151362+00:00,env.pressure,101841,0000d83add0dbd13.ws-rpi,Pluginctl,000048b02dd3c637,waggle/plugin-iio:0.7.0,bme680,wes-iio-bme680,W0BE,shield
2166,2024-08-07 16:50:29.146768568+00:00,env.pressure,98974,0000d83add0dbd5e.ws-rpi,Pluginctl,000048b02dd3c296,waggle/plugin-iio:0.7.0,bme680,wes-iio-bme680,W09F,shield
2128,2024-08-07 16:50:36.520600926+00:00,env.pressure,79957.453125,000048b02d3ae2f4.ws-nxcore,Pluginctl,000048b02d3ae2f4,waggle/plugin-iio:0.6.0,bme280,wes-iio-bme280,W084,core
2545,2024-08-07 16:50:53.397039785+00:00,env.temperature,25.67,0000dca632a3058b.ws-rpi,Pluginctl,000048b02d15bc7c,waggle/plugin-iio:0.7.0,bme680,wes-iio-bme680,W023,shield
2156,2024-08-07 16:50:35.902073314+00:00,env.pressure,98949.304687,000048b02dd3c6f0.ws-nxcore,Pluginctl,000048b02dd3c6f0,waggle/plugin-iio:0.6.0,bme280,wes-iio-bme280,W0B0,core
2406,2024-08-07 16:50:36.632779914+00:00,env.relative_humidity,17.593,000048b02dd3c5bd.ws-nxcore,Pluginctl,000048b02dd3c5bd,waggle/plugin-iio:0.6.0,bme280,wes-iio-bme280,W0B8,core
2518,2024-08-07 16:50:50.857317063+00:00,env.temperature,45.18,000048b02dd3c5e0.ws-nxcore,Pluginctl,000048b02dd3c5e0,waggle/plugin-iio:0.6.0,bme280,wes-iio-bme280,W0B1,core
2404,2024-08-07 16:50:56.628517931+00:00,env.relative_humidity,17.001,000048b02dd3c51f.ws-nxcore,Pluginctl,000048b02dd3c51f,waggle/plugin-iio:0.6.0,bme280,wes-iio-bme280,W099,core
2435,2024-08-07 16:50:43.981282357+00:00,env.relative_humidity,55.004,0000dca632a305c8.ws-rpi,Pluginctl,000048b02d05a1c7,waggle/plugin-iio:0.7.0,bme680,wes-iio-bme680,W026,shield
2489,2024-08-07 16:50:41.661118505+00:00,env.temperature,46.34,000048b02d35a9bf.ws-nxcore,Pluginctl,000048b02d35a9bf,waggle/plugin-iio:0.6.0,bme280,wes-iio-bme280,W07F,core
2383,2024-08-07 16:50:32.871687080+00:00,env.relative_humidity,44.643,000048b02d3ae2e2.ws-nxcore,Pluginctl,000048b02d3ae2e2,waggle/plugin-iio:0.6.0,bme280,wes-iio-bme280,W041,core
2112,2024-08-07 16:50:29.896322591+00:00,env.pressure,100254.046875,000048b02d15bc87.ws-nxcore,Pluginctl,000048b02d15bc87,waggle/plugin-iio:0.6.0,bme280,wes-iio-bme280,W019,core
2501,2024-08-07 16:50:33.120747552+00:00,env.temperature,53.01,000048b02d3ae31a.ws-nxcore,Pluginctl,000048b02d3ae31a,waggle/plugin-iio:0.6.0,bme280,wes-iio-bme280,W094,core
2509,2024-08-07 16:50:28.155941687+00:00,env.temperature,45.48,000048b02d3af460.ws-nxcore,Pluginctl,000048b02d3af460,waggle/plugin-iio:0.6.0,bme280,wes-iio-bme280,W06E,core
2407,2024-08-07 16:50:50.850674680+00:00,env.relative_humidity,17.711,000048b02dd3c5e0.ws-nxcore,Pluginctl,000048b02dd3c5e0,waggle/plugin-iio:0.6.0,bme280,wes-iio-bme280,W0B1,core
2436,2024-08-07 16:50:34.938423906+00:00,env.relative_humidity,0,0000dca632a306d8.ws-rpi,Pluginctl,000048b02d15c31a,waggle/plugin-iio:0.7.0,bme680,wes-iio-bme680,W01A,shield
2550,2024-08-07 16:50:37.279392848+00:00,env.temperature,25.08,0000dca632de1039.ws-rpi,Pluginctl,000048b02d3ae319,waggle/plugin-iio:0.7.0,bme680,wes-iio-bme680,W080,shield
2163,2024-08-07 16:50:29.172666590+00:00,env.pressure,61366.99999999999,0000d83add0dbd2e.ws-rpi,Pluginctl,000048b02dd3c5b3,waggle/plugin-iio:0.7.0,bme680,wes-iio-bme680,W0A7,shield
2538,2024-08-07 16:50:53.459355253+00:00,env.temperature,26.39,0000d83add18b39c.ws-rpi,Pluginctl,000048b02dd3c64a,waggle/plugin-iio:0.7.0,bme680,wes-iio-bme680,W0B6,shield
2391,2024-08-07 16:50:41.238765002+00:00,env.relative_humidity,17.8,000048b02d3ae31c.ws-nxcore,Pluginctl,000048b02d3ae31c,waggle/plugin-iio:0.6.0,bme280,wes-iio-bme280,W065,core
2139,2024-08-07 16:50:50.086815450+00:00,env.pressure,100158.40234300001,000048b02d3af45d.ws-nxcore,Pluginctl,000048b02d3af45d,waggle/plugin-iio:0.6.0,bme280,wes-iio-bme280,W068,core
2157,2024-08-07 16:50:32.983685887+00:00,env.pressure,98966.863281,000048b02dd3c722.ws-nxcore,Pluginctl,000048b02dd3c722,waggle/plugin-iio:0.6.0,bme280,wes-iio-bme280,W0B9,core
2478,2024-08-07 16:50:38.291993795+00:00,env.temperature,45.72,000048b02d15bc73.ws-nxcore,Pluginctl,000048b02d15bc73,waggle/plugin-iio:0.6.0,bme280,wes-iio-bme280,W024,core
2462,2024-08-07 16:50:45.569544003+00:00,env.relative_humidity,51.12,0000e45f01453930.ws-rpi,Pluginctl,000048b02d3ae2f4,waggle/plugin-iio:0.7.0,bme680,wes-iio-bme680,W084,shield
2570,2024-08-07 16:50:32.075805635+00:00,env.temperature,-127.82,0000e45f014506ce.ws-rpi,Pluginctl,000048b02d3af460,waggle/plugin-iio:0.7.0,bme680,wes-iio-bme680,W06E,shield
2547,2024-08-07 16:50:34.936091117+00:00,env.temperature,-131.09,0000dca632a306d8.ws-rpi,Pluginctl,000048b02d15c31a,waggle/plugin-iio:0.7.0,bme680,wes-iio-bme680,W01A,shield
2465,2024-08-07 16:50:43.356058761+00:00,env.relative_humidity,60.882,0000e45f01c27bb0.ws-rpi,Pluginctl,000048b02d15bda5,waggle/plugin-iio:0.7.0,bme680,wes-iio-bme680,W022,enclosure
2146,2024-08-07 16:50:56.625486253+00:00,env.pressure,99491.80859300001,000048b02dd3c51f.ws-nxcore,Pluginctl,000048b02dd3c51f,waggle/plugin-iio:0.6.0,bme280,wes-iio-bme280,W099,core
2463,2024-08-07 16:50:34.015181442+00:00,env.relative_humidity,58.659,0000e45f014ffa19.ws-rpi,Pluginctl,000048b02d3ae33b,waggle/plugin-iio:0.7.0,bme680,wes-iio-bme680,W07A,shield
2540,2024-08-07 16:50:30.792595632+00:00,env.temperature,25.42,0000d83add18ca94.ws-rpi,Pluginctl,000048b02dd3c543,waggle/plugin-iio:0.7.0,bme680,wes-iio-bme680,W096,shield
2430,2024-08-07 16:50:43.621291306+00:00,env.relative_humidity,57.498,0000d83add18cb30.ws-rpi,Pluginctl,000048b02d15bda5,waggle/plugin-iio:0.7.0,bme680,wes-iio-bme680,W022,shield
2207,2024-08-07 16:50:43.354278234+00:00,env.pressure,98942,0000e45f01c27bb0.ws-rpi,Pluginctl,000048b02d15bda5,waggle/plugin-iio:0.7.0,bme680,wes-iio-bme680,W022,enclosure
2143,2024-08-07 16:50:55.407331572+00:00,env.pressure,98930.390625,000048b02dd3c296.ws-nxcore,Pluginctl,000048b02dd3c296,waggle/plugin-iio:0.6.0,bme280,wes-iio-bme280,W09F,core
2116,2024-08-07 16:50:40.960828886+00:00,env.pressure,98713.289062,000048b02d15c31a.ws-nxcore,Pluginctl,000048b02d15c31a,waggle/plugin-iio:0.6.0,bme280,wes-iio-bme280,W01A,core
2155,2024-08-07 16:50:50.619619066+00:00,env.pressure,98911.375,000048b02dd3c6cf.ws-nxcore,Pluginctl,000048b02dd3c6cf,waggle/plugin-iio:0.6.0,bme280,wes-iio-bme280,W0B5,core
2510,2024-08-07 16:50:46.794064698+00:00,env.temperature,50.96,000048b02d3af476.ws-nxcore,Pluginctl,000048b02d3af476,waggle/plugin-iio:0.6.0,bme280,wes-iio-bme280,W051,core
2444,2024-08-07 16:50:35.531291087+00:00,env.relative_humidity,61.818,0000dca632e9bc92.ws-rpi,Pluginctl,000048b02d35a9ed,waggle/plugin-iio:0.7.0,bme680,wes-iio-bme680,W05D,shield
2186,2024-08-07 16:50:35.532357370+00:00,env.pressure,99463,0000dca632e9bc92.ws-rpi,Pluginctl,000048b02d35a9ed,waggle/plugin-iio:0.7.0,bme680,wes-iio-bme680,W05D,shield
2378,2024-08-07 16:50:41.667091330+00:00,env.relative_humidity,17.679,000048b02d35a9bf.ws-nxcore,Pluginctl,000048b02d35a9bf,waggle/plugin-iio:0.6.0,bme280,wes-iio-bme280,W07F,core
2516,2024-08-07 16:50:33.744259914+00:00,env.temperature,47.79,000048b02dd3c551.ws-nxcore,Pluginctl,000048b02dd3c551,waggle/plugin-iio:0.6.0,bme280,wes-iio-bme280,W0B2,core
2161,2024-08-07 16:50:27.845466368+00:00,env.pressure,99072,0000d83add0dbcb6.ws-rpi,Pluginctl,000048b02dd3c42d,waggle/plugin-iio:0.7.0,bme680,wes-iio-bme680,W0AF,shield
2476,2024-08-07 16:50:46.184168031+00:00,env.temperature,50.47,000048b02d15bc65.ws-nxcore,Pluginctl,000048b02d15bc65,waggle/plugin-iio:0.6.0,bme280,wes-iio-bme280,W088,core
2574,2024-08-07 16:50:34.015649379+00:00,env.temperature,23.74,0000e45f014ffa19.ws-rpi,Pluginctl,000048b02d3ae33b,waggle/plugin-iio:0.7.0,bme680,wes-iio-bme680,W07A,shield
2132,2024-08-07 16:50:33.123583187+00:00,env.pressure,98980.542968,000048b02d3ae31a.ws-nxcore,Pluginctl,000048b02d3ae31a,waggle/plugin-iio:0.6.0,bme280,wes-iio-bme280,W094,core
2171,2024-08-07 16:50:30.789261614+00:00,env.pressure,99683,0000d83add18ca94.ws-rpi,Pluginctl,000048b02dd3c543,waggle/plugin-iio:0.7.0,bme680,wes-iio-bme680,W096,shield
2117,2024-08-07 16:50:27.666796176+00:00,env.pressure,99552.17968700001,000048b02d35a87e.ws-nxcore,Pluginctl,000048b02d35a87e,waggle/plugin-iio:0.6.0,bme280,wes-iio-bme280,W08E,core
2426,2024-08-07 16:50:39.239757553+00:00,env.relative_humidity,51.75,0000d83add0dbd79.ws-rpi,Pluginctl,000048b02dd3c814,waggle/plugin-iio:0.7.0,bme680,wes-iio-bme680,W0B3,shield
2546,2024-08-07 16:50:43.987229015+00:00,env.temperature,24.59,0000dca632a305c8.ws-rpi,Pluginctl,000048b02d05a1c7,waggle/plugin-iio:0.7.0,bme680,wes-iio-bme680,W026,shield
2193,2024-08-07 16:50:50.875094257+00:00,env.pressure,99321,0000e45f012e3796.ws-rpi,Pluginctl,000048b02d3ae31c,waggle/plugin-iio:0.7.0,bme680,wes-iio-bme680,W065,shield
2200,2024-08-07 16:50:33.370808836+00:00,env.pressure,98901,0000e45f014505fa.ws-rpi,Pluginctl,000048b02dd3c644,waggle/plugin-iio:0.7.0,bme680,wes-iio-bme680,W0AE,shield
2521,2024-08-07 16:50:34.247509704+00:00,env.temperature,47.25,000048b02dd3c641.ws-nxcore,Pluginctl,000048b02dd3c641,waggle/plugin-iio:0.6.0,bme280,wes-iio-bme280,W09D,core
2397,2024-08-07 16:50:50.082207937+00:00,env.relative_humidity,31.559,000048b02d3af45d.ws-nxcore,Pluginctl,000048b02d3af45d,waggle/plugin-iio:0.6.0,bme280,wes-iio-bme280,W068,core
2195,2024-08-07 16:50:50.679516354+00:00,env.pressure,79925,0000e45f012e38c2.ws-rpi,Pluginctl,000048b02d3ae2f2,waggle/plugin-iio:0.7.0,bme680,wes-iio-bme680,W06F,shield
2385,2024-08-07 16:50:49.192844685+00:00,env.relative_humidity,13.843,000048b02d3ae2f2.ws-nxcore,Pluginctl,000048b02d3ae2f2,waggle/plugin-iio:0.6.0,bme280,wes-iio-bme280,W06F,core
2379,2024-08-07 16:50:28.061097285+00:00,env.relative_humidity,21.529,000048b02d35a9ce.ws-nxcore,Pluginctl,000048b02d35a9ce,waggle/plugin-iio:0.6.0,bme280,wes-iio-bme280,W085,core
2412,2024-08-07 16:50:43.413160270+00:00,env.relative_humidity,16.969,000048b02dd3c64a.ws-nxcore,Pluginctl,000048b02dd3c64a,waggle/plugin-iio:0.6.0,bme280,wes-iio-bme280,W0B6,core
2405,2024-08-07 16:50:33.746535195+00:00,env.relative_humidity,14.72,000048b02dd3c551.ws-nxcore,Pluginctl,000048b02dd3c551,waggle/plugin-iio:0.6.0,bme280,wes-iio-bme280,W0B2,core
2167,2024-08-07 16:50:53.892412095+00:00,env.pressure,98966,0000d83add0dbd61.ws-rpi,Pluginctl,000048b02dd3c5e0,waggle/plugin-iio:0.7.0,bme680,wes-iio-bme680,W0B1,shield
2491,2024-08-07 16:50:38.220076331+00:00,env.temperature,50.08,000048b02d35a9ed.ws-nxcore,Pluginctl,000048b02d35a9ed,waggle/plugin-iio:0.6.0,bme280,wes-iio-bme280,W05D,core
2154,2024-08-07 16:50:43.422024455+00:00,env.pressure,98899.382812,000048b02dd3c64a.ws-nxcore,Pluginctl,000048b02dd3c64a,waggle/plugin-iio:0.6.0,bme280,wes-iio-bme280,W0B6,core
2185,2024-08-07 16:50:53.631336716+00:00,env.pressure,98271,0000dca632e9bc74.ws-rpi,Pluginctl,000048b02d35a9ce,waggle/plugin-iio:0.7.0,bme680,wes-iio-bme680,W085,shield
2551,2024-08-07 16:50:36.367531422+00:00,env.temperature,22.33,0000dca632de138d.ws-rpi,Pluginctl,000048b02d3ae30a,waggle/plugin-iio:0.7.0,bme680,wes-iio-bme680,W06A,shield
2416,2024-08-07 16:50:45.790629310+00:00,env.relative_humidity,13.509,000048b02dd3c76e.ws-nxcore,Pluginctl,000048b02dd3c76e,waggle/plugin-iio:0.6.0,bme280,wes-iio-bme280,W0A4,core
2140,2024-08-07 16:50:28.151230311+00:00,env.pressure,99336.83984300001,000048b02d3af460.ws-nxcore,Pluginctl,000048b02d3af460,waggle/plugin-iio:0.6.0,bme280,wes-iio-bme280,W06E,core
2136,2024-08-07 16:50:36.313620683+00:00,env.pressure,99470.011718,000048b02d3ae33d.ws-nxcore,Pluginctl,000048b02d3ae33d,waggle/plugin-iio:0.6.0,bme280,wes-iio-bme280,W07D,core
2373,2024-08-07 16:50:42.726415747+00:00,env.relative_humidity,2.906,000048b02d15bdcd.ws-nxcore,Pluginctl,000048b02d15bdcd,waggle/plugin-iio:0.6.0,bme280,wes-iio-bme280,W029,core
2366,2024-08-07 16:50:56.133791406+00:00,env.relative_humidity,9.195,000048b02d15bc68.ws-nxcore,Pluginctl,000048b02d15bc68,waggle/plugin-iio:0.6.0,bme280,wes-iio-bme280,W087,core
2477,2024-08-07 16:50:56.126760050+00:00,env.temperature,55.05,000048b02d15bc68.ws-nxcore,Pluginctl,000048b02d15bc68,waggle/plugin-iio:0.6.0,bme280,wes-iio-bme280,W087,core
2438,2024-08-07 16:50:49.473711071+00:00,env.relative_humidity,45.262,0000dca632a307bf.ws-rpi,Pluginctl,000048b02d15bc7d,waggle/plugin-iio:0.7.0,bme680,wes-iio-bme680,W028,shield
2537,2024-08-07 16:50:39.236885544+00:00,env.temperature,26.34,0000d83add0dbd79.ws-rpi,Pluginctl,000048b02dd3c814,waggle/plugin-iio:0.7.0,bme680,wes-iio-bme680,W0B3,shield
2492,2024-08-07 16:50:28.132770377+00:00,env.temperature,46.82,000048b02d3ae277.ws-nxcore,Pluginctl,000048b02d3ae277,waggle/plugin-iio:0.6.0,bme280,wes-iio-bme280,W08D,core
2198,2024-08-07 16:50:40.390781150+00:00,env.pressure,98903,0000e45f013ff0ad.ws-rpi,Pluginctl,000048b02dd3c640,waggle/plugin-iio:0.7.0,bme680,wes-iio-bme680,W0BA,shield
2573,2024-08-07 16:50:45.568421108+00:00,env.temperature,23,0000e45f01453930.ws-rpi,Pluginctl,000048b02d3ae2f4,waggle/plugin-iio:0.7.0,bme680,wes-iio-bme680,W084,shield
2461,2024-08-07 16:50:46.899810652+00:00,env.relative_humidity,63.176,0000e45f014524c6.ws-rpi,Pluginctl,000048b02d3af476,waggle/plugin-iio:0.7.0,bme680,wes-iio-bme680,W051,shield
2370,2024-08-07 16:50:29.878041348+00:00,env.relative_humidity,12.998,000048b02d15bc87.ws-nxcore,Pluginctl,000048b02d15bc87,waggle/plugin-iio:0.6.0,bme280,wes-iio-bme280,W019,core
2199,2024-08-07 16:50:56.580599288+00:00,env.pressure,98184,0000e45f0144fcf4.ws-rpi,Pluginctl,000048b02d35a9b2,waggle/plugin-iio:0.7.0,bme680,wes-iio-bme680,W058,shield
2192,2024-08-07 16:50:46.388242748+00:00,env.pressure,99389,0000e45f012e378d.ws-rpi,Pluginctl,000048b02dd3c51f,waggle/plugin-iio:0.7.0,bme680,wes-iio-bme680,W099,shield
2449,2024-08-07 16:50:33.923565379+00:00,env.relative_humidity,50.604,0000dca632ed7151.ws-rpi,Pluginctl,000048b02d3ae2f5,waggle/plugin-iio:0.7.0,bme680,wes-iio-bme680,W08B,shield
2455,2024-08-07 16:50:30.837544107+00:00,env.relative_humidity,60.424,0000e45f012e4024.ws-rpi,Pluginctl,000048b02d15bc68,waggle/plugin-iio:0.7.0,bme680,wes-iio-bme680,W087,shield
2487,2024-08-07 16:50:34.862992925+00:00,env.temperature,42.31,000048b02d35a97c.ws-nxcore,Pluginctl,000048b02d35a97c,waggle/plugin-iio:0.6.0,bme280,wes-iio-bme280,W08C,core
2479,2024-08-07 16:50:42.437029973+00:00,env.temperature,45.54,000048b02d15bc7c.ws-nxcore,Pluginctl,000048b02d15bc7c,waggle/plugin-iio:0.6.0,bme280,wes-iio-bme280,W023,core
2158,2024-08-07 16:50:45.795624847+00:00,env.pressure,98936.042968,000048b02dd3c76e.ws-nxcore,Pluginctl,000048b02dd3c76e,waggle/plugin-iio:0.6.0,bme280,wes-iio-bme280,W0A4,core
2148,2024-08-07 16:50:36.642391415+00:00,env.pressure,98967.4375,000048b02dd3c5bd.ws-nxcore,Pluginctl,000048b02dd3c5bd,waggle/plugin-iio:0.6.0,bme280,wes-iio-bme280,W0B8,core
2413,2024-08-07 16:50:50.615244518+00:00,env.relative_humidity,15.372,000048b02dd3c6cf.ws-nxcore,Pluginctl,000048b02dd3c6cf,waggle/plugin-iio:0.6.0,bme280,wes-iio-bme280,W0B5,core
2105,2024-08-07 16:50:53.532099194+00:00,env.pressure,99515.50390600001,000048b02d05a1c7.ws-nxcore,Pluginctl,000048b02d05a1c7,waggle/plugin-iio:0.6.0,bme280,wes-iio-bme280,W026,core
2389,2024-08-07 16:50:42.137290550+00:00,env.relative_humidity,16.816,000048b02d3ae319.ws-nxcore,Pluginctl,000048b02d3ae319,waggle/plugin-iio:0.6.0,bme280,wes-iio-bme280,W080,core
2548,2024-08-07 16:50:31.982948440+00:00,env.temperature,22.8,0000dca632a307b6.ws-rpi,Pluginctl,000048b02d0766d2,waggle/plugin-iio:0.7.0,bme680,wes-iio-bme680,W014,shield
2179,2024-08-07 16:50:31.983598715+00:00,env.pressure,96175,0000dca632a307b6.ws-rpi,Pluginctl,000048b02d0766d2,waggle/plugin-iio:0.7.0,bme680,wes-iio-bme680,W014,shield
2480,2024-08-07 16:50:33.990465294+00:00,env.temperature,48.35,000048b02d15bc7d.ws-nxcore,Pluginctl,000048b02d15bc7d,waggle/plugin-iio:0.6.0,bme280,wes-iio-bme280,W028,core
2153,2024-08-07 16:50:44.929520654+00:00,env.pressure,98910.589843,000048b02dd3c644.ws-nxcore,Pluginctl,000048b02dd3c644,waggle/plugin-iio:0.6.0,bme280,wes-iio-bme280,W0AE,core
2149,2024-08-07 16:50:50.853936431+00:00,env.pressure,98956.972656,000048b02dd3c5e0.ws-nxcore,Pluginctl,000048b02dd3c5e0,waggle/plugin-iio:0.6.0,bme280,wes-iio-bme280,W0B1,core
2411,2024-08-07 16:50:44.932641089+00:00,env.relative_humidity,15.202,000048b02dd3c644.ws-nxcore,Pluginctl,000048b02dd3c644,waggle/plugin-iio:0.6.0,bme280,wes-iio-bme280,W0AE,core
2135,2024-08-07 16:50:41.997266386+00:00,env.pressure,97117.441406,000048b02d3ae337.ws-nxcore,Pluginctl,000048b02d3ae337,waggle/plugin-iio:0.6.0,bme280,wes-iio-bme280,W067,core
2427,2024-08-07 16:50:53.458041026+00:00,env.relative_humidity,50.263,0000d83add18b39c.ws-rpi,Pluginctl,000048b02dd3c64a,waggle/plugin-iio:0.7.0,bme680,wes-iio-bme680,W0B6,shield
2201,2024-08-07 16:50:32.074617809+00:00,env.pressure,86798,0000e45f014506ce.ws-rpi,Pluginctl,000048b02d3af460,waggle/plugin-iio:0.7.0,bme680,wes-iio-bme680,W06E,shield
2504,2024-08-07 16:50:42.001346232+00:00,env.temperature,50.06,000048b02d3ae337.ws-nxcore,Pluginctl,000048b02d3ae337,waggle/plugin-iio:0.6.0,bme280,wes-iio-bme280,W067,core
2394,2024-08-07 16:50:36.323170213+00:00,env.relative_humidity,17.046,000048b02d3ae33d.ws-nxcore,Pluginctl,000048b02d3ae33d,waggle/plugin-iio:0.6.0,bme280,wes-iio-bme280,W07D,core
2182,2024-08-07 16:50:36.371047273+00:00,env.pressure,98990,0000dca632de138d.ws-rpi,Pluginctl,000048b02d3ae30a,waggle/plugin-iio:0.7.0,bme680,wes-iio-bme680,W06A,shield
2418,2024-08-07 16:50:31.690535629+00:00,env.relative_humidity,14.628,000048b02dd3c814.ws-nxcore,Pluginctl,000048b02dd3c814,waggle/plugin-iio:0.6.0,bme280,wes-iio-bme280,W0B3,core
2503,2024-08-07 16:50:49.379950933+00:00,env.temperature,46.08,000048b02d3ae31e.ws-nxcore,Pluginctl,000048b02d3ae31e,waggle/plugin-iio:0.6.0,bme280,wes-iio-bme280,W071,core
2523,2024-08-07 16:50:43.417378698+00:00,env.temperature,46.96,000048b02dd3c64a.ws-nxcore,Pluginctl,000048b02dd3c64a,waggle/plugin-iio:0.6.0,bme280,wes-iio-bme280,W0B6,core
2483,2024-08-07 16:50:43.475758905+00:00,env.temperature,53.72,000048b02d15bda5.ws-nxcore,Pluginctl,000048b02d15bda5,waggle/plugin-iio:0.6.0,bme280,wes-iio-bme280,W022,core
2498,2024-08-07 16:50:54.693826902+00:00,env.temperature,48.17,000048b02d3ae2f5.ws-nxcore,Pluginctl,000048b02d3ae2f5,waggle/plugin-iio:0.6.0,bme280,wes-iio-bme280,W08B,core
2396,2024-08-07 16:50:33.567147123+00:00,env.relative_humidity,22.729,000048b02d3af447.ws-nxcore,Pluginctl,000048b02d3af447,waggle/plugin-iio:0.6.0,bme280,wes-iio-bme280,W07E,core
2493,2024-08-07 16:50:40.515936836+00:00,env.temperature,40.82,000048b02d3ae27a.ws-nxcore,Pluginctl,000048b02d3ae27a,waggle/plugin-iio:0.6.0,bme280,wes-iio-bme280,W020,core
2142,2024-08-07 16:50:55.837719748+00:00,env.pressure,99446.453125,000048b02d3af4a3.ws-nxcore,Pluginctl,000048b02d3af4a3,waggle/plugin-iio:0.6.0,bme280,wes-iio-bme280,W083,core
2575,2024-08-07 16:50:42.844922600+00:00,env.temperature,27.75,0000e45f01c27655.ws-rpi,Pluginctl,000048b02d35a9ed,waggle/plugin-iio:0.7.0,bme680,wes-iio-bme680,W05D,enclosure
2460,2024-08-07 16:50:41.609966265+00:00,env.relative_humidity,50.701,0000e45f01451fc4.ws-rpi,Pluginctl,000048b02dd3c636,waggle/plugin-iio:0.7.0,bme680,wes-iio-bme680,W0B4,shield
2500,2024-08-07 16:50:42.134205465+00:00,env.temperature,45.93,000048b02d3ae319.ws-nxcore,Pluginctl,000048b02d3ae319,waggle/plugin-iio:0.6.0,bme280,wes-iio-bme280,W080,core
2534,2024-08-07 16:50:34.762249441+00:00,env.temperature,26.35,0000d83add0dbd52.ws-rpi,Pluginctl,000048b02dd3c6f0,waggle/plugin-iio:0.7.0,bme680,wes-iio-bme680,W0B0,shield
2196,2024-08-07 16:50:39.937626913+00:00,env.pressure,98912,0000e45f012e3f0d.ws-rpi,Pluginctl,000048b02dd3c722,waggle/plugin-iio:0.7.0,bme680,wes-iio-bme680,W0B9,shield
2451,2024-08-07 16:50:50.877960726+00:00,env.relative_humidity,57.833,0000e45f012e3796.ws-rpi,Pluginctl,000048b02d3ae31c,waggle/plugin-iio:0.7.0,bme680,wes-iio-bme680,W065,shield
2424,2024-08-07 16:50:29.144723145+00:00,env.relative_humidity,49.278,0000d83add0dbd5e.ws-rpi,Pluginctl,000048b02dd3c296,waggle/plugin-iio:0.7.0,bme680,wes-iio-bme680,W09F,shield
2170,2024-08-07 16:50:31.809359496+00:00,env.pressure,98891,0000d83add18c2c6.ws-rpi,Pluginctl,000048b02dd3c810,waggle/plugin-iio:0.7.0,bme680,wes-iio-bme680,W0B7,shield
2400,2024-08-07 16:50:55.840772450+00:00,env.relative_humidity,14.835,000048b02d3af4a3.ws-nxcore,Pluginctl,000048b02d3af4a3,waggle/plugin-iio:0.6.0,bme280,wes-iio-bme280,W083,core
2191,2024-08-07 16:50:33.924681204+00:00,env.pressure,98840,0000dca632ed7151.ws-rpi,Pluginctl,000048b02d3ae2f5,waggle/plugin-iio:0.7.0,bme680,wes-iio-bme680,W08B,shield
2188,2024-08-07 16:50:54.347151146+00:00,env.pressure,95391,0000dca632ed6d06.ws-rpi,Pluginctl,000048b02d35a97c,waggle/plugin-iio:0.7.0,bme680,wes-iio-bme680,W08C,shield
2554,2024-08-07 16:50:53.633861934+00:00,env.temperature,18.65,0000dca632e9bc74.ws-rpi,Pluginctl,000048b02d35a9ce,waggle/plugin-iio:0.7.0,bme680,wes-iio-bme680,W085,shield
2122,2024-08-07 16:50:38.215050965+00:00,env.pressure,99495.39843700001,000048b02d35a9ed.ws-nxcore,Pluginctl,000048b02d35a9ed,waggle/plugin-iio:0.6.0,bme280,wes-iio-bme280,W05D,core
2180,2024-08-07 16:50:49.476877803+00:00,env.pressure,98530,0000dca632a307bf.ws-rpi,Pluginctl,000048b02d15bc7d,waggle/plugin-iio:0.7.0,bme680,wes-iio-bme680,W028,shield
2183,2024-08-07 16:50:37.844445007+00:00,env.pressure,54916.99999999999,0000dca632e9bafd.ws-rpi,Pluginctl,000048b02d35a87e,waggle/plugin-iio:0.7.0,bme680,wes-iio-bme680,W08E,shield
2175,2024-08-07 16:50:55.694280407+00:00,env.pressure,100208,0000dca632a2fa54.ws-rpi,Pluginctl,000048b02d15bc87,waggle/plugin-iio:0.7.0,bme680,wes-iio-bme680,W019,shield
2429,2024-08-07 16:50:30.791533051+00:00,env.relative_humidity,49.878,0000d83add18ca94.ws-rpi,Pluginctl,000048b02dd3c543,waggle/plugin-iio:0.7.0,bme680,wes-iio-bme680,W096,shield
2395,2024-08-07 16:50:42.083998466+00:00,env.relative_humidity,14.452,000048b02d3af41e.ws-nxcore,Pluginctl,000048b02d3af41e,waggle/plugin-iio:0.6.0,bme280,wes-iio-bme280,W07B,core
2423,2024-08-07 16:50:34.761360551+00:00,env.relative_humidity,55.339,0000d83add0dbd52.ws-rpi,Pluginctl,000048b02dd3c6f0,waggle/plugin-iio:0.7.0,bme680,wes-iio-bme680,W0B0,shield
2123,2024-08-07 16:50:28.137064858+00:00,env.pressure,99380.398437,000048b02d3ae277.ws-nxcore,Pluginctl,000048b02d3ae277,waggle/plugin-iio:0.6.0,bme280,wes-iio-bme280,W08D,core
2558,2024-08-07 16:50:52.391961599+00:00,env.temperature,24.09,0000dca632ed706e.ws-rpi,Pluginctl,000048b02d3af447,waggle/plugin-iio:0.7.0,bme680,wes-iio-bme680,W07E,shield
2473,2024-08-07 16:50:37.386502143+00:00,env.temperature,47.82,000048b02d05a1c6.ws-nxcore,Pluginctl,000048b02d05a1c6,waggle/plugin-iio:0.6.0,bme280,wes-iio-bme280,W027,core
2497,2024-08-07 16:50:36.523825562+00:00,env.temperature,48.13,000048b02d3ae2f4.ws-nxcore,Pluginctl,000048b02d3ae2f4,waggle/plugin-iio:0.6.0,bme280,wes-iio-bme280,W084,core
2376,2024-08-07 16:50:34.870580175+00:00,env.relative_humidity,14.986,000048b02d35a97c.ws-nxcore,Pluginctl,000048b02d35a97c,waggle/plugin-iio:0.6.0,bme280,wes-iio-bme280,W08C,core
2542,2024-08-07 16:50:46.875957312+00:00,env.temperature,-131.53,0000d83add18cc59.ws-rpi,Pluginctl,000048b02dd3c551,waggle/plugin-iio:0.7.0,bme680,wes-iio-bme680,W0B2,shield
2181,2024-08-07 16:50:37.278916610+00:00,env.pressure,31501,0000dca632de1039.ws-rpi,Pluginctl,000048b02d3ae319,waggle/plugin-iio:0.7.0,bme680,wes-iio-bme680,W080,shield
2121,2024-08-07 16:50:28.051247567+00:00,env.pressure,98140.457031,000048b02d35a9ce.ws-nxcore,Pluginctl,000048b02d35a9ce,waggle/plugin-iio:0.6.0,bme280,wes-iio-bme280,W085,core
2126,2024-08-07 16:50:56.995954707+00:00,env.pressure,80180,000048b02d3ae2f2.ws-nxcore,,000048b02d3ae2f2,registry.sagecontinuum.org/seanshahkarami/air-quality:0.2.0,es642,air-quality,W06F,core
2531,2024-08-07 16:50:31.116171595+00:00,env.temperature,19.57,0000d83add0dbd13.ws-rpi,Pluginctl,000048b02dd3c637,waggle/plugin-iio:0.7.0,bme680,wes-iio-bme680,W0BE,shield
2169,2024-08-07 16:50:53.460891681+00:00,env.pressure,98943,0000d83add18b39c.ws-rpi,Pluginctl,000048b02dd3c64a,waggle/plugin-iio:0.7.0,bme680,wes-iio-bme680,W0B6,shield
2137,2024-08-07 16:50:42.089505129+00:00,env.pressure,99461.86328100001,000048b02d3af41e.ws-nxcore,Pluginctl,000048b02d3af41e,waggle/plugin-iio:0.6.0,bme280,wes-iio-bme280,W07B,core
2482,2024-08-07 16:50:56.908749216+00:00,env.temperature,53.82,000048b02d15bc8c.ws-nxcore,Pluginctl,000048b02d15bc8c,waggle/plugin-iio:0.6.0,bme280,wes-iio-bme280,W039,core
2109,2024-08-07 16:50:38.289605796+00:00,env.pressure,99442.72656200001,000048b02d15bc73.ws-nxcore,Pluginctl,000048b02d15bc73,waggle/plugin-iio:0.6.0,bme280,wes-iio-bme280,W024,core
2372,2024-08-07 16:50:43.471972387+00:00,env.relative_humidity,10.002,000048b02d15bda5.ws-nxcore,Pluginctl,000048b02d15bda5,waggle/plugin-iio:0.6.0,bme280,wes-iio-bme280,W022,core
2131,2024-08-07 16:50:42.139660133+00:00,env.pressure,99492.664062,000048b02d3ae319.ws-nxcore,Pluginctl,000048b02d3ae319,waggle/plugin-iio:0.6.0,bme280,wes-iio-bme280,W080,core
2457,2024-08-07 16:50:56.578514818+00:00,env.relative_humidity,81.189,0000e45f0144fcf4.ws-rpi,Pluginctl,000048b02d35a9b2,waggle/plugin-iio:0.7.0,bme680,wes-iio-bme680,W058,shield
2441,2024-08-07 16:50:37.845184837+00:00,env.relative_humidity,0,0000dca632e9bafd.ws-rpi,Pluginctl,000048b02d35a87e,waggle/plugin-iio:0.7.0,bme680,wes-iio-bme680,W08E,shield
2368,2024-08-07 16:50:42.442574383+00:00,env.relative_humidity,17.486,000048b02d15bc7c.ws-nxcore,Pluginctl,000048b02d15bc7c,waggle/plugin-iio:0.6.0,bme280,wes-iio-bme280,W023,core
2392,2024-08-07 16:50:49.383301165+00:00,env.relative_humidity,23.015,000048b02d3ae31e.ws-nxcore,Pluginctl,000048b02d3ae31e,waggle/plugin-iio:0.6.0,bme280,wes-iio-bme280,W071,core
2481,2024-08-07 16:50:29.892132915+00:00,env.temperature,41.19,000048b02d15bc87.ws-nxcore,Pluginctl,000048b02d15bc87,waggle/plugin-iio:0.6.0,bme280,wes-iio-bme280,W019,core
2124,2024-08-07 16:50:40.522635484+00:00,env.pressure,99859.933593,000048b02d3ae27a.ws-nxcore,Pluginctl,000048b02d3ae27a,waggle/plugin-iio:0.6.0,bme280,wes-iio-bme280,W020,core
2375,2024-08-07 16:50:27.670644281+00:00,env.relative_humidity,14.136,000048b02d35a87e.ws-nxcore,Pluginctl,000048b02d35a87e,waggle/plugin-iio:0.6.0,bme280,wes-iio-bme280,W08E,core
2174,2024-08-07 16:50:52.040012378+00:00,env.pressure,98909,0000dca63288face.ws-rpi,Pluginctl,000048b02dd3c6cf,waggle/plugin-iio:0.7.0,bme680,wes-iio-bme680,W0B5,shield
2184,2024-08-07 16:50:56.639500798+00:00,env.pressure,99538,0000dca632e9bc07.ws-rpi,Pluginctl,000048b02d3af41e,waggle/plugin-iio:0.7.0,bme680,wes-iio-bme680,W07B,shield
2159,2024-08-07 16:50:46.828742315+00:00,env.pressure,98851.894531,000048b02dd3c810.ws-nxcore,Pluginctl,000048b02dd3c810,waggle/plugin-iio:0.6.0,bme280,wes-iio-bme280,W0B7,core
2544,2024-08-07 16:50:55.685276738+00:00,env.temperature,20.6,0000dca632a2fa54.ws-rpi,Pluginctl,000048b02d15bc87,waggle/plugin-iio:0.7.0,bme680,wes-iio-bme680,W019,shield
2571,2024-08-07 16:50:41.611350358+00:00,env.temperature,27,0000e45f01451fc4.ws-rpi,Pluginctl,000048b02dd3c636,waggle/plugin-iio:0.7.0,bme680,wes-iio-bme680,W0B4,shield
2526,2024-08-07 16:50:32.985487758+00:00,env.temperature,46.03,000048b02dd3c722.ws-nxcore,Pluginctl,000048b02dd3c722,waggle/plugin-iio:0.6.0,bme280,wes-iio-bme280,W0B9,core
2178,2024-08-07 16:50:34.934885241+00:00,env.pressure,42038,0000dca632a306d8.ws-rpi,Pluginctl,000048b02d15c31a,waggle/plugin-iio:0.7.0,bme680,wes-iio-bme680,W01A,shield
2125,2024-08-07 16:50:32.866917286+00:00,env.pressure,99417.039062,000048b02d3ae2e2.ws-nxcore,Pluginctl,000048b02d3ae2e2,waggle/plugin-iio:0.6.0,bme280,wes-iio-bme280,W041,core
2402,2024-08-07 16:50:42.389926944+00:00,env.relative_humidity,25.421,000048b02dd3c427.ws-nxcore,Pluginctl,000048b02dd3c427,waggle/plugin-iio:0.6.0,bme280,wes-iio-bme280,W097,core
2390,2024-08-07 16:50:33.125944311+00:00,env.relative_humidity,8.046,000048b02d3ae31a.ws-nxcore,Pluginctl,000048b02d3ae31a,waggle/plugin-iio:0.6.0,bme280,wes-iio-bme280,W094,core
2549,2024-08-07 16:50:49.478251143+00:00,env.temperature,27.74,0000dca632a307bf.ws-rpi,Pluginctl,000048b02d15bc7d,waggle/plugin-iio:0.7.0,bme680,wes-iio-bme680,W028,shield
2488,2024-08-07 16:50:50.976771860+00:00,env.temperature,39.65,000048b02d35a9b2.ws-nxcore,Pluginctl,000048b02d35a9b2,waggle/plugin-iio:0.6.0,bme280,wes-iio-bme280,W058,core
2134,2024-08-07 16:50:49.377663544+00:00,env.pressure,101819.945312,000048b02d3ae31e.ws-nxcore,Pluginctl,000048b02d3ae31e,waggle/plugin-iio:0.6.0,bme280,wes-iio-bme280,W071,core
2541,2024-08-07 16:50:43.619880416+00:00,env.temperature,22.54,0000d83add18cb30.ws-rpi,Pluginctl,000048b02d15bda5,waggle/plugin-iio:0.7.0,bme680,wes-iio-bme680,W022,shield
2445,2024-08-07 16:50:41.038389412+00:00,env.relative_humidity,65.714,0000dca632ed2f3a.ws-rpi,Pluginctl,000048b02d3af4a3,waggle/plugin-iio:0.7.0,bme680,wes-iio-bme680,W083,shield
2472,2024-08-07 16:50:30.817654848+00:00,env.temperature,45.6,000048b02d05a1c2.ws-nxcore,Pluginctl,000048b02d05a1c2,waggle/plugin-iio:0.6.0,bme280,wes-iio-bme280,W02C,core
2410,2024-08-07 16:50:34.244616337+00:00,env.relative_humidity,16.685,000048b02dd3c641.ws-nxcore,Pluginctl,000048b02dd3c641,waggle/plugin-iio:0.6.0,bme280,wes-iio-bme280,W09D,core
2512,2024-08-07 16:50:55.403225614+00:00,env.temperature,49.91,000048b02dd3c296.ws-nxcore,Pluginctl,000048b02dd3c296,waggle/plugin-iio:0.6.0,bme280,wes-iio-bme280,W09F,core
2557,2024-08-07 16:50:54.347713896+00:00,env.temperature,19.62,0000dca632ed6d06.ws-rpi,Pluginctl,000048b02d35a97c,waggle/plugin-iio:0.7.0,bme680,wes-iio-bme680,W08C,shield
2564,2024-08-07 16:50:50.677443418+00:00,env.temperature,21.42,0000e45f012e38c2.ws-rpi,Pluginctl,000048b02d3ae2f2,waggle/plugin-iio:0.7.0,bme680,wes-iio-bme680,W06F,shield
2434,2024-08-07 16:50:53.405493162+00:00,env.relative_humidity,46.336,0000dca632a3058b.ws-rpi,Pluginctl,000048b02d15bc7c,waggle/plugin-iio:0.7.0,bme680,wes-iio-bme680,W023,shield
2543,2024-08-07 16:50:52.040737094+00:00,env.temperature,27.74,0000dca63288face.ws-rpi,Pluginctl,000048b02dd3c6cf,waggle/plugin-iio:0.7.0,bme680,wes-iio-bme680,W0B5,shield
2464,2024-08-07 16:50:42.845777101+00:00,env.relative_humidity,49.768,0000e45f01c27655.ws-rpi,Pluginctl,000048b02d35a9ed,waggle/plugin-iio:0.7.0,bme680,wes-iio-bme680,W05D,enclosure
2505,2024-08-07 16:50:36.317119261+00:00,env.temperature,44.55,000048b02d3ae33d.ws-nxcore,Pluginctl,000048b02d3ae33d,waggle/plugin-iio:0.6.0,bme280,wes-iio-bme280,W07D,core
2111,2024-08-07 16:50:33.995329678+00:00,env.pressure,98538.3125,000048b02d15bc7d.ws-nxcore,Pluginctl,000048b02d15bc7d,waggle/plugin-iio:0.6.0,bme280,wes-iio-bme280,W028,core
2118,2024-08-07 16:50:34.866773270+00:00,env.pressure,95314.457031,000048b02d35a97c.ws-nxcore,Pluginctl,000048b02d35a97c,waggle/plugin-iio:0.6.0,bme280,wes-iio-bme280,W08C,core
2519,2024-08-07 16:50:45.226432553+00:00,env.temperature,48.91,000048b02dd3c636.ws-nxcore,Pluginctl,000048b02dd3c636,waggle/plugin-iio:0.6.0,bme280,wes-iio-bme280,W0B4,core
2525,2024-08-07 16:50:35.897553290+00:00,env.temperature,45.92,000048b02dd3c6f0.ws-nxcore,Pluginctl,000048b02dd3c6f0,waggle/plugin-iio:0.6.0,bme280,wes-iio-bme280,W0B0,core
2450,2024-08-07 16:50:46.385149526+00:00,env.relative_humidity,58.543,0000e45f012e378d.ws-rpi,Pluginctl,000048b02dd3c51f,waggle/plugin-iio:0.7.0,bme680,wes-iio-bme680,W099,shield
2197,2024-08-07 16:50:30.836774117+00:00,env.pressure,98945,0000e45f012e4024.ws-rpi,Pluginctl,000048b02d15bc68,waggle/plugin-iio:0.7.0,bme680,wes-iio-bme680,W087,shield
2459,2024-08-07 16:50:32.077852007+00:00,env.relative_humidity,55.556,0000e45f014506ce.ws-rpi,Pluginctl,000048b02d3af460,waggle/plugin-iio:0.7.0,bme680,wes-iio-bme680,W06E,shield
2446,2024-08-07 16:50:54.346359751+00:00,env.relative_humidity,64.306,0000dca632ed6d06.ws-rpi,Pluginctl,000048b02d35a97c,waggle/plugin-iio:0.7.0,bme680,wes-iio-bme680,W08C,shield
2530,2024-08-07 16:50:27.847718264+00:00,env.temperature,26.97,0000d83add0dbcb6.ws-rpi,Pluginctl,000048b02dd3c42d,waggle/plugin-iio:0.7.0,bme680,wes-iio-bme680,W0AF,shield
2555,2024-08-07 16:50:35.533666712+00:00,env.temperature,24.08,0000dca632e9bc92.ws-rpi,Pluginctl,000048b02d35a9ed,waggle/plugin-iio:0.7.0,bme680,wes-iio-bme680,W05D,shield
2458,2024-08-07 16:50:33.368635102+00:00,env.relative_humidity,50.946,0000e45f014505fa.ws-rpi,Pluginctl,000048b02dd3c644,waggle/plugin-iio:0.7.0,bme680,wes-iio-bme680,W0AE,shield
2204,2024-08-07 16:50:45.567192178+00:00,env.pressure,79940,0000e45f01453930.ws-rpi,Pluginctl,000048b02d3ae2f4,waggle/plugin-iio:0.7.0,bme680,wes-iio-bme680,W084,shield
2369,2024-08-07 16:50:33.987780167+00:00,env.relative_humidity,14.144,000048b02d15bc7d.ws-nxcore,Pluginctl,000048b02d15bc7d,waggle/plugin-iio:0.6.0,bme280,wes-iio-bme280,W028,core
2362,2024-08-07 16:50:37.378563964+00:00,env.relative_humidity,17.933,000048b02d05a1c6.ws-nxcore,Pluginctl,000048b02d05a1c6,waggle/plugin-iio:0.6.0,bme280,wes-iio-bme280,W027,core
2206,2024-08-07 16:50:42.843803562+00:00,env.pressure,99600,0000e45f01c27655.ws-rpi,Pluginctl,000048b02d35a9ed,waggle/plugin-iio:0.7.0,bme680,wes-iio-bme680,W05D,enclosure
2377,2024-08-07 16:50:50.973370373+00:00,env.relative_humidity,15.276,000048b02d35a9b2.ws-nxcore,Pluginctl,000048b02d35a9b2,waggle/plugin-iio:0.6.0,bme280,wes-iio-bme280,W058,core
2556,2024-08-07 16:50:41.037433097+00:00,env.temperature,25.13,0000dca632ed2f3a.ws-rpi,Pluginctl,000048b02d3af4a3,waggle/plugin-iio:0.7.0,bme680,wes-iio-bme680,W083,shield
2452,2024-08-07 16:50:35.650675921+00:00,env.relative_humidity,46.828,0000e45f012e383b.ws-rpi,Pluginctl,000048b02d3ae337,waggle/plugin-iio:0.7.0,bme680,wes-iio-bme680,W067,shield
2189,2024-08-07 16:50:52.390125019+00:00,env.pressure,99895,0000dca632ed706e.ws-rpi,Pluginctl,000048b02d3af447,waggle/plugin-iio:0.7.0,bme680,wes-iio-bme680,W07E,shield
2168,2024-08-07 16:50:39.238888919+00:00,env.pressure,98801,0000d83add0dbd79.ws-rpi,Pluginctl,000048b02dd3c814,waggle/plugin-iio:0.7.0,bme680,wes-iio-bme680,W0B3,shield
2144,2024-08-07 16:50:42.385328830+00:00,env.pressure,88404.80078100001,000048b02dd3c427.ws-nxcore,Pluginctl,000048b02dd3c427,waggle/plugin-iio:0.6.0,bme280,wes-iio-bme280,W097,core
2536,2024-08-07 16:50:53.890779665+00:00,env.temperature,26.04,0000d83add0dbd61.ws-rpi,Pluginctl,000048b02dd3c5e0,waggle/plugin-iio:0.7.0,bme680,wes-iio-bme680,W0B1,shield
2420,2024-08-07 16:50:31.113803269+00:00,env.relative_humidity,100,0000d83add0dbd13.ws-rpi,Pluginctl,000048b02dd3c637,waggle/plugin-iio:0.7.0,bme680,wes-iio-bme680,W0BE,shield
2565,2024-08-07 16:50:39.940312834+00:00,env.temperature,26.21,0000e45f012e3f0d.ws-rpi,Pluginctl,000048b02dd3c722,waggle/plugin-iio:0.7.0,bme680,wes-iio-bme680,W0B9,shield
2552,2024-08-07 16:50:37.843306919+00:00,env.temperature,-130.59,0000dca632e9bafd.ws-rpi,Pluginctl,000048b02d35a87e,waggle/plugin-iio:0.7.0,bme680,wes-iio-bme680,W08E,shield
2384,2024-08-07 16:50:56.995954707+00:00,env.relative_humidity,0.34,000048b02d3ae2f2.ws-nxcore,,000048b02d3ae2f2,registry.sagecontinuum.org/seanshahkarami/air-quality:0.2.0,es642,air-quality,W06F,core
2484,2024-08-07 16:50:42.716045497+00:00,env.temperature,58.33,000048b02d15bdcd.ws-nxcore,Pluginctl,000048b02d15bdcd,waggle/plugin-iio:0.6.0,bme280,wes-iio-bme280,W029,core
2439,2024-08-07 16:50:37.277967299+00:00,env.relative_humidity,61.385,0000dca632de1039.ws-rpi,Pluginctl,000048b02d3ae319,waggle/plugin-iio:0.7.0,bme680,wes-iio-bme680,W080,shield
2524,2024-08-07 16:50:50.617817925+00:00,env.temperature,47.66,000048b02dd3c6cf.ws-nxcore,Pluginctl,000048b02dd3c6cf,waggle/plugin-iio:0.6.0,bme280,wes-iio-bme280,W0B5,core
2553,2024-08-07 16:50:56.640946443+00:00,env.temperature,26.85,0000dca632e9bc07.ws-rpi,Pluginctl,000048b02d3af41e,waggle/plugin-iio:0.7.0,bme680,wes-iio-bme680,W07B,shield
2576,2024-08-07 16:50:43.353103296+00:00,env.temperature,23.45,0000e45f01c27bb0.ws-rpi,Pluginctl,000048b02d15bda5,waggle/plugin-iio:0.7.0,bme680,wes-iio-bme680,W022,enclosure
2361,2024-08-07 16:50:30.810821037+00:00,env.relative_humidity,17.883,000048b02d05a1c2.ws-nxcore,Pluginctl,000048b02d05a1c2,waggle/plugin-iio:0.6.0,bme280,wes-iio-bme280,W02C,core
2496,2024-08-07 16:50:49.189612759+00:00,env.temperature,47.58,000048b02d3ae2f2.ws-nxcore,Pluginctl,000048b02d3ae2f2,waggle/plugin-iio:0.6.0,bme280,wes-iio-bme280,W06F,core
2572,2024-08-07 16:50:46.900527664+00:00,env.temperature,23.01,0000e45f014524c6.ws-rpi,Pluginctl,000048b02d3af476,waggle/plugin-iio:0.7.0,bme680,wes-iio-bme680,W051,shield
2401,2024-08-07 16:50:55.400257459+00:00,env.relative_humidity,7.002,000048b02dd3c296.ws-nxcore,Pluginctl,000048b02dd3c296,waggle/plugin-iio:0.6.0,bme280,wes-iio-bme280,W09F,core
2442,2024-08-07 16:50:56.641721127+00:00,env.relative_humidity,54.374,0000dca632e9bc07.ws-rpi,Pluginctl,000048b02d3af41e,waggle/plugin-iio:0.7.0,bme680,wes-iio-bme680,W07B,shield
2119,2024-08-07 16:50:50.970743617+00:00,env.pressure,98151.644531,000048b02d35a9b2.ws-nxcore,Pluginctl,000048b02d35a9b2,waggle/plugin-iio:0.6.0,bme280,wes-iio-bme280,W058,core
2421,2024-08-07 16:50:29.173562819+00:00,env.relative_humidity,100,0000d83add0dbd2e.ws-rpi,Pluginctl,000048b02dd3c5b3,waggle/plugin-iio:0.7.0,bme680,wes-iio-bme680,W0A7,shield
2502,2024-08-07 16:50:41.234075444+00:00,env.temperature,45.7,000048b02d3ae31c.ws-nxcore,Pluginctl,000048b02d3ae31c,waggle/plugin-iio:0.6.0,bme280,wes-iio-bme280,W065,core
2365,2024-08-07 16:50:46.187659101+00:00,env.relative_humidity,15.059,000048b02d15bc65.ws-nxcore,Pluginctl,000048b02d15bc65,waggle/plugin-iio:0.6.0,bme280,wes-iio-bme280,W088,core
2190,2024-08-07 16:50:49.434816153+00:00,env.pressure,99471,0000dca632ed7115.ws-rpi,Pluginctl,000048b02d15bc65,waggle/plugin-iio:0.7.0,bme680,wes-iio-bme680,W088,shield
2560,2024-08-07 16:50:33.926266989+00:00,env.temperature,26.67,0000dca632ed7151.ws-rpi,Pluginctl,000048b02d3ae2f5,waggle/plugin-iio:0.7.0,bme680,wes-iio-bme680,W08B,shield
2417,2024-08-07 16:50:46.831902354+00:00,env.relative_humidity,18.637,000048b02dd3c810.ws-nxcore,Pluginctl,000048b02dd3c810,waggle/plugin-iio:0.6.0,bme280,wes-iio-bme280,W0B7,core
2486,2024-08-07 16:50:27.662388728+00:00,env.temperature,47.67,000048b02d35a87e.ws-nxcore,Pluginctl,000048b02d35a87e,waggle/plugin-iio:0.6.0,bme280,wes-iio-bme280,W08E,core
2447,2024-08-07 16:50:52.391103686+00:00,env.relative_humidity,63.739,0000dca632ed706e.ws-rpi,Pluginctl,000048b02d3af447,waggle/plugin-iio:0.7.0,bme680,wes-iio-bme680,W07E,shield
2539,2024-08-07 16:50:31.810009595+00:00,env.temperature,26.71,0000d83add18c2c6.ws-rpi,Pluginctl,000048b02dd3c810,waggle/plugin-iio:0.7.0,bme680,wes-iio-bme680,W0B7,shield
2141,2024-08-07 16:50:46.796888570+00:00,env.pressure,99458.6875,000048b02d3af476.ws-nxcore,Pluginctl,000048b02d3af476,waggle/plugin-iio:0.6.0,bme280,wes-iio-bme280,W051,core
2511,2024-08-07 16:50:55.849080963+00:00,env.temperature,51.89,000048b02d3af4a3.ws-nxcore,Pluginctl,000048b02d3af4a3,waggle/plugin-iio:0.6.0,bme280,wes-iio-bme280,W083,core
2108,2024-08-07 16:50:56.129722391+00:00,env.pressure,98923.1875,000048b02d15bc68.ws-nxcore,Pluginctl,000048b02d15bc68,waggle/plugin-iio:0.6.0,bme280,wes-iio-bme280,W087,core
2145,2024-08-07 16:50:33.795376825+00:00,env.pressure,98897.378906,000048b02dd3c42d.ws-nxcore,Pluginctl,000048b02dd3c42d,waggle/plugin-iio:0.6.0,bme280,wes-iio-bme280,W0AF,core
2364,2024-08-07 16:50:27.532951744+00:00,env.relative_humidity,10.204,000048b02d0766d2.ws-nxcore,Pluginctl,000048b02d0766d2,waggle/plugin-iio:0.6.0,bme280,wes-iio-bme280,W014,core
2528,2024-08-07 16:50:46.834646196+00:00,env.temperature,44.06,000048b02dd3c810.ws-nxcore,Pluginctl,000048b02dd3c810,waggle/plugin-iio:0.6.0,bme280,wes-iio-bme280,W0B7,core
2388,2024-08-07 16:50:33.059978190+00:00,env.relative_humidity,10.817,000048b02d3ae30a.ws-nxcore,Pluginctl,000048b02d3ae30a,waggle/plugin-iio:0.6.0,bme280,wes-iio-bme280,W06A,core
2399,2024-08-07 16:50:46.798644547+00:00,env.relative_humidity,16.323,000048b02d3af476.ws-nxcore,Pluginctl,000048b02d3af476,waggle/plugin-iio:0.6.0,bme280,wes-iio-bme280,W051,core
2454,2024-08-07 16:50:39.939622502+00:00,env.relative_humidity,52.751,0000e45f012e3f0d.ws-rpi,Pluginctl,000048b02dd3c722,waggle/plugin-iio:0.7.0,bme680,wes-iio-bme680,W0B9,shield
2514,2024-08-07 16:50:33.798646508+00:00,env.temperature,49.83,000048b02dd3c42d.ws-nxcore,Pluginctl,000048b02dd3c42d,waggle/plugin-iio:0.6.0,bme280,wes-iio-bme280,W0AF,core
2414,2024-08-07 16:50:35.906226200+00:00,env.relative_humidity,15.593,000048b02dd3c6f0.ws-nxcore,Pluginctl,000048b02dd3c6f0,waggle/plugin-iio:0.6.0,bme280,wes-iio-bme280,W0B0,core
2474,2024-08-07 16:50:53.508201623+00:00,env.temperature,45.14,000048b02d05a1c7.ws-nxcore,Pluginctl,000048b02d05a1c7,waggle/plugin-iio:0.6.0,bme280,wes-iio-bme280,W026,core
2559,2024-08-07 16:50:49.431711504+00:00,env.temperature,27.08,0000dca632ed7115.ws-rpi,Pluginctl,000048b02d15bc65,waggle/plugin-iio:0.7.0,bme680,wes-iio-bme680,W088,shield
2567,2024-08-07 16:50:40.389500740+00:00,env.temperature,27.02,0000e45f013ff0ad.ws-rpi,Pluginctl,000048b02dd3c640,waggle/plugin-iio:0.7.0,bme680,wes-iio-bme680,W0BA,shield
2522,2024-08-07 16:50:44.935441873+00:00,env.temperature,47.55,000048b02dd3c644.ws-nxcore,Pluginctl,000048b02dd3c644,waggle/plugin-iio:0.6.0,bme280,wes-iio-bme280,W0AE,core
2374,2024-08-07 16:50:40.958820368+00:00,env.relative_humidity,7.737,000048b02d15c31a.ws-nxcore,Pluginctl,000048b02d15c31a,waggle/plugin-iio:0.6.0,bme280,wes-iio-bme280,W01A,core
2508,2024-08-07 16:50:50.090599176+00:00,env.temperature,28.2,000048b02d3af45d.ws-nxcore,Pluginctl,000048b02d3af45d,waggle/plugin-iio:0.6.0,bme280,wes-iio-bme280,W068,core
2443,2024-08-07 16:50:53.637035313+00:00,env.relative_humidity,86.354,0000dca632e9bc74.ws-rpi,Pluginctl,000048b02d35a9ce,waggle/plugin-iio:0.7.0,bme680,wes-iio-bme680,W085,shield
2499,2024-08-07 16:50:33.069279018+00:00,env.temperature,51.53,000048b02d3ae30a.ws-nxcore,Pluginctl,000048b02d3ae30a,waggle/plugin-iio:0.6.0,bme280,wes-iio-bme280,W06A,core
2419,2024-08-07 16:50:27.846713555+00:00,env.relative_humidity,58.348,0000d83add0dbcb6.ws-rpi,Pluginctl,000048b02dd3c42d,waggle/plugin-iio:0.7.0,bme680,wes-iio-bme680,W0AF,shield
2106,2024-08-07 16:50:27.527291405+00:00,env.pressure,96056.27734300001,000048b02d0766d2.ws-nxcore,Pluginctl,000048b02d0766d2,waggle/plugin-iio:0.6.0,bme280,wes-iio-bme280,W014,core
2506,2024-08-07 16:50:42.087619088+00:00,env.temperature,53.89,000048b02d3af41e.ws-nxcore,Pluginctl,000048b02d3af41e,waggle/plugin-iio:0.6.0,bme280,wes-iio-bme280,W07B,core
2532,2024-08-07 16:50:29.171502438+00:00,env.temperature,-130.11,0000d83add0dbd2e.ws-rpi,Pluginctl,000048b02dd3c5b3,waggle/plugin-iio:0.7.0,bme680,wes-iio-bme680,W0A7,shield
2408,2024-08-07 16:50:45.223507698+00:00,env.relative_humidity,15.186,000048b02dd3c636.ws-nxcore,Pluginctl,000048b02dd3c636,waggle/plugin-iio:0.6.0,bme280,wes-iio-bme280,W0B4,core
2507,2024-08-07 16:50:33.571488988+00:00,env.temperature,48.03,000048b02d3af447.ws-nxcore,Pluginctl,000048b02d3af447,waggle/plugin-iio:0.6.0,bme280,wes-iio-bme280,W07E,core
2527,2024-08-07 16:50:45.793407961+00:00,env.temperature,50.87,000048b02dd3c76e.ws-nxcore,Pluginctl,000048b02dd3c76e,waggle/plugin-iio:0.6.0,bme280,wes-iio-bme280,W0A4,core
2104,2024-08-07 16:50:37.390445024+00:00,env.pressure,98984.9375,000048b02d05a1c6.ws-nxcore,Pluginctl,000048b02d05a1c6,waggle/plugin-iio:0.6.0,bme280,wes-iio-bme280,W027,core
2110,2024-08-07 16:50:42.425311668+00:00,env.pressure,99009.355468,000048b02d15bc7c.ws-nxcore,Pluginctl,000048b02d15bc7c,waggle/plugin-iio:0.6.0,bme280,wes-iio-bme280,W023,core
2453,2024-08-07 16:50:50.676320162+00:00,env.relative_humidity,56.773,0000e45f012e38c2.ws-rpi,Pluginctl,000048b02d3ae2f2,waggle/plugin-iio:0.7.0,bme680,wes-iio-bme680,W06F,shield
2386,2024-08-07 16:50:36.525760671+00:00,env.relative_humidity,14.593,000048b02d3ae2f4.ws-nxcore,Pluginctl,000048b02d3ae2f4,waggle/plugin-iio:0.6.0,bme280,wes-iio-bme280,W084,core
2475,2024-08-07 16:50:27.530180214+00:00,env.temperature,51.88,000048b02d0766d2.ws-nxcore,Pluginctl,000048b02d0766d2,waggle/plugin-iio:0.6.0,bme280,wes-iio-bme280,W014,core
2494,2024-08-07 16:50:32.869259031+00:00,env.temperature,22.71,000048b02d3ae2e2.ws-nxcore,Pluginctl,000048b02d3ae2e2,waggle/plugin-iio:0.6.0,bme280,wes-iio-bme280,W041,core
2367,2024-08-07 16:50:38.285580506+00:00,env.relative_humidity,15.659,000048b02d15bc73.ws-nxcore,Pluginctl,000048b02d15bc73,waggle/plugin-iio:0.6.0,bme280,wes-iio-bme280,W024,core
2535,2024-08-07 16:50:29.145880585+00:00,env.temperature,20.58,0000d83add0dbd5e.ws-rpi,Pluginctl,000048b02dd3c296,waggle/plugin-iio:0.7.0,bme680,wes-iio-bme680,W09F,shield
2456,2024-08-07 16:50:40.390177991+00:00,env.relative_humidity,51.233,0000e45f013ff0ad.ws-rpi,Pluginctl,000048b02dd3c640,waggle/plugin-iio:0.7.0,bme680,wes-iio-bme680,W0BA,shield
2562,2024-08-07 16:50:50.876222067+00:00,env.temperature,25.07,0000e45f012e3796.ws-rpi,Pluginctl,000048b02d3ae31c,waggle/plugin-iio:0.7.0,bme680,wes-iio-bme680,W065,shield
2160,2024-08-07 16:50:31.683179858+00:00,env.pressure,98912.75,000048b02dd3c814.ws-nxcore,Pluginctl,000048b02dd3c814,waggle/plugin-iio:0.6.0,bme280,wes-iio-bme280,W0B3,core
2398,2024-08-07 16:50:28.154281480+00:00,env.relative_humidity,13.485,000048b02d3af460.ws-nxcore,Pluginctl,000048b02d3af460,waggle/plugin-iio:0.6.0,bme280,wes-iio-bme280,W06E,core
2432,2024-08-07 16:50:52.038908684+00:00,env.relative_humidity,48.897,0000dca63288face.ws-rpi,Pluginctl,000048b02dd3c6cf,waggle/plugin-iio:0.7.0,bme680,wes-iio-bme680,W0B5,shield
2382,2024-08-07 16:50:40.529763899+00:00,env.relative_humidity,24.384,000048b02d3ae27a.ws-nxcore,Pluginctl,000048b02d3ae27a,waggle/plugin-iio:0.6.0,bme280,wes-iio-bme280,W020,core
2205,2024-08-07 16:50:34.014316140+00:00,env.pressure,99526,0000e45f014ffa19.ws-rpi,Pluginctl,000048b02d3ae33b,waggle/plugin-iio:0.7.0,bme680,wes-iio-bme680,W07A,shield
2371,2024-08-07 16:50:56.905119563+00:00,env.relative_humidity,13.069,000048b02d15bc8c.ws-nxcore,Pluginctl,000048b02d15bc8c,waggle/plugin-iio:0.6.0,bme280,wes-iio-bme280,W039,core
2363,2024-08-07 16:50:53.501842935+00:00,env.relative_humidity,18.326,000048b02d05a1c7.ws-nxcore,Pluginctl,000048b02d05a1c7,waggle/plugin-iio:0.6.0,bme280,wes-iio-bme280,W026,core
2127,2024-08-07 16:50:49.185713974+00:00,env.pressure,79950.597656,000048b02d3ae2f2.ws-nxcore,Pluginctl,000048b02d3ae2f2,waggle/plugin-iio:0.6.0,bme280,wes-iio-bme280,W06F,core
2513,2024-08-07 16:50:42.395044743+00:00,env.temperature,33.95,000048b02dd3c427.ws-nxcore,Pluginctl,000048b02dd3c427,waggle/plugin-iio:0.6.0,bme280,wes-iio-bme280,W097,core
2152,2024-08-07 16:50:34.249335638+00:00,env.pressure,98934.855468,000048b02dd3c641.ws-nxcore,Pluginctl,000048b02dd3c641,waggle/plugin-iio:0.6.0,bme280,wes-iio-bme280,W09D,core
2120,2024-08-07 16:50:41.655845629+00:00,env.pressure,99393.539062,000048b02d35a9bf.ws-nxcore,Pluginctl,000048b02d35a9bf,waggle/plugin-iio:0.6.0,bme280,wes-iio-bme280,W07F,core
2422,2024-08-07 16:50:27.163301953+00:00,env.relative_humidity,49.259,0000d83add0dbd40.ws-rpi,Pluginctl,000048b02dd3c641,waggle/plugin-iio:0.7.0,bme680,wes-iio-bme680,W09D,shield
2133,2024-08-07 16:50:41.237214156+00:00,env.pressure,99358.99609300001,000048b02d3ae31c.ws-nxcore,Pluginctl,000048b02d3ae31c,waggle/plugin-iio:0.6.0,bme280,wes-iio-bme280,W065,core
2566,2024-08-07 16:50:30.836153717+00:00,env.temperature,22.16,0000e45f012e4024.ws-rpi,Pluginctl,000048b02d15bc68,waggle/plugin-iio:0.7.0,bme680,wes-iio-bme680,W087,shield
2173,2024-08-07 16:50:46.861688060+00:00,env.pressure,73454,0000d83add18cc59.ws-rpi,Pluginctl,000048b02dd3c551,waggle/plugin-iio:0.7.0,bme680,wes-iio-bme680,W0B2,shield
2569,2024-08-07 16:50:33.371533217+00:00,env.temperature,27.08,0000e45f014505fa.ws-rpi,Pluginctl,000048b02dd3c644,waggle/plugin-iio:0.7.0,bme680,wes-iio-bme680,W0AE,shield
2568,2024-08-07 16:50:56.579697690+00:00,env.temperature,17.15,0000e45f0144fcf4.ws-rpi,Pluginctl,000048b02d35a9b2,waggle/plugin-iio:0.7.0,bme680,wes-iio-bme680,W058,shield
2393,2024-08-07 16:50:41.993016365+00:00,env.relative_humidity,6.484,000048b02d3ae337.ws-nxcore,Pluginctl,000048b02d3ae337,waggle/plugin-iio:0.6.0,bme280,wes-iio-bme280,W067,core
2194,2024-08-07 16:50:35.651343349+00:00,env.pressure,97110,0000e45f012e383b.ws-rpi,Pluginctl,000048b02d3ae337,waggle/plugin-iio:0.7.0,bme680,wes-iio-bme680,W067,shield
2147,2024-08-07 16:50:33.740231148+00:00,env.pressure,98888.203125,000048b02dd3c551.ws-nxcore,Pluginctl,000048b02dd3c551,waggle/plugin-iio:0.6.0,bme280,wes-iio-bme280,W0B2,core
2381,2024-08-07 16:50:28.127663305+00:00,env.relative_humidity,14.196,000048b02d3ae277.ws-nxcore,Pluginctl,000048b02d3ae277,waggle/plugin-iio:0.6.0,bme280,wes-iio-bme280,W08D,core
2177,2024-08-07 16:50:43.994106127+00:00,env.pressure,99518,0000dca632a305c8.ws-rpi,Pluginctl,000048b02d05a1c7,waggle/plugin-iio:0.7.0,bme680,wes-iio-bme680,W026,shield
2187,2024-08-07 16:50:41.039059625+00:00,env.pressure,99432,0000dca632ed2f3a.ws-rpi,Pluginctl,000048b02d3af4a3,waggle/plugin-iio:0.7.0,bme680,wes-iio-bme680,W083,shield
2433,2024-08-07 16:50:55.700291303+00:00,env.relative_humidity,62.394,0000dca632a2fa54.ws-rpi,Pluginctl,000048b02d15bc87,waggle/plugin-iio:0.7.0,bme680,wes-iio-bme680,W019,shield
2202,2024-08-07 16:50:41.612847726+00:00,env.pressure,98897,0000e45f01451fc4.ws-rpi,Pluginctl,000048b02dd3c636,waggle/plugin-iio:0.7.0,bme680,wes-iio-bme680,W0B4,shield
2409,2024-08-07 16:50:55.849486011+00:00,env.relative_humidity,16.199,000048b02dd3c640.ws-nxcore,Pluginctl,000048b02dd3c640,waggle/plugin-iio:0.6.0,bme280,wes-iio-bme280,W0BA,core
2440,2024-08-07 16:50:36.365315156+00:00,env.relative_humidity,60.393,0000dca632de138d.ws-rpi,Pluginctl,000048b02d3ae30a,waggle/plugin-iio:0.7.0,bme680,wes-iio-bme680,W06A,shield
2495,2024-08-07 16:50:56.995954707+00:00,env.temperature,21.1,000048b02d3ae2f2.ws-nxcore,,000048b02d3ae2f2,registry.sagecontinuum.org/seanshahkarami/air-quality:0.2.0,es642,air-quality,W06F,core
2533,2024-08-07 16:50:27.164376217+00:00,env.temperature,27.88,0000d83add0dbd40.ws-rpi,Pluginctl,000048b02dd3c641,waggle/plugin-iio:0.7.0,bme680,wes-iio-bme680,W09D,shield
2428,2024-08-07 16:50:31.808495104+00:00,env.relative_humidity,52.304,0000d83add18c2c6.ws-rpi,Pluginctl,000048b02dd3c810,waggle/plugin-iio:0.7.0,bme680,wes-iio-bme680,W0B7,shield
2150,2024-08-07 16:50:45.228131607+00:00,env.pressure,98880.804687,000048b02dd3c636.ws-nxcore,Pluginctl,000048b02dd3c636,waggle/plugin-iio:0.6.0,bme280,wes-iio-bme280,W0B4,core
2425,2024-08-07 16:50:53.892984491+00:00,env.relative_humidity,52.608,0000d83add0dbd61.ws-rpi,Pluginctl,000048b02dd3c5e0,waggle/plugin-iio:0.7.0,bme680,wes-iio-bme680,W0B1,shield
2114,2024-08-07 16:50:43.480809004+00:00,env.pressure,98922.19921800001,000048b02d15bda5.ws-nxcore,Pluginctl,000048b02d15bda5,waggle/plugin-iio:0.6.0,bme280,wes-iio-bme280,W022,core
2563,2024-08-07 16:50:35.652285148+00:00,env.temperature,22.85,0000e45f012e383b.ws-rpi,Pluginctl,000048b02d3ae337,waggle/plugin-iio:0.7.0,bme680,wes-iio-bme680,W067,shield
2103,2024-08-07 16:50:30.815805639+00:00,env.pressure,99491.570312,000048b02d05a1c2.ws-nxcore,Pluginctl,000048b02d05a1c2,waggle/plugin-iio:0.6.0,bme280,wes-iio-bme280,W02C,core
2203,2024-08-07 16:50:46.898931494+00:00,env.pressure,99492,0000e45f014524c6.ws-rpi,Pluginctl,000048b02d3af476,waggle/plugin-iio:0.7.0,bme680,wes-iio-bme680,W051,shield
2151,2024-08-07 16:50:55.847599913+00:00,env.pressure,98901.92968700001,000048b02dd3c640.ws-nxcore,Pluginctl,000048b02dd3c640,waggle/plugin-iio:0.6.0,bme280,wes-iio-bme280,W0BA,core
2113,2024-08-07 16:50:56.900849447+00:00,env.pressure,98887.003906,000048b02d15bc8c.ws-nxcore,Pluginctl,000048b02d15bc8c,waggle/plugin-iio:0.6.0,bme280,wes-iio-bme280,W039,core
2138,2024-08-07 16:50:33.574745771+00:00,env.pressure,99531.136718,000048b02d3af447.ws-nxcore,Pluginctl,000048b02d3af447,waggle/plugin-iio:0.6.0,bme280,wes-iio-bme280,W07E,core
2115,2024-08-07 16:50:42.720990904+00:00,env.pressure,84695.617187,000048b02d15bdcd.ws-nxcore,Pluginctl,000048b02d15bdcd,waggle/plugin-iio:0.6.0,bme280,wes-iio-bme280,W029,core
2129,2024-08-07 16:50:54.703298574+00:00,env.pressure,98944.289062,000048b02d3ae2f5.ws-nxcore,Pluginctl,000048b02d3ae2f5,waggle/plugin-iio:0.6.0,bme280,wes-iio-bme280,W08B,core
2380,2024-08-07 16:50:38.224988480+00:00,env.relative_humidity,16.916,000048b02d35a9ed.ws-nxcore,Pluginctl,000048b02d35a9ed,waggle/plugin-iio:0.6.0,bme280,wes-iio-bme280,W05D,core
2515,2024-08-07 16:50:56.620906593+00:00,env.temperature,46.82,000048b02dd3c51f.ws-nxcore,Pluginctl,000048b02dd3c51f,waggle/plugin-iio:0.6.0,bme280,wes-iio-bme280,W099,core
2165,2024-08-07 16:50:34.763131775+00:00,env.pressure,98948,0000d83add0dbd52.ws-rpi,Pluginctl,000048b02dd3c6f0,waggle/plugin-iio:0.7.0,bme680,wes-iio-bme680,W0B0,shield
2130,2024-08-07 16:50:33.065111410+00:00,env.pressure,98914.011718,000048b02d3ae30a.ws-nxcore,Pluginctl,000048b02d3ae30a,waggle/plugin-iio:0.6.0,bme280,wes-iio-bme280,W06A,core
2107,2024-08-07 16:50:46.179884960+00:00,env.pressure,99397.085937,000048b02d15bc65.ws-nxcore,Pluginctl,000048b02d15bc65,waggle/plugin-iio:0.6.0,bme280,wes-iio-bme280,W088,core
2164,2024-08-07 16:50:27.161200165+00:00,env.pressure,98986,0000d83add0dbd40.ws-rpi,Pluginctl,000048b02dd3c641,waggle/plugin-iio:0.7.0,bme680,wes-iio-bme680,W09D,shield
2403,2024-08-07 16:50:33.797257252+00:00,env.relative_humidity,21.094,000048b02dd3c42d.ws-nxcore,Pluginctl,000048b02dd3c42d,waggle/plugin-iio:0.6.0,bme280,wes-iio-bme280,W0AF,core
2415,2024-08-07 16:50:32.987172157+00:00,env.relative_humidity,17.468,000048b02dd3c722.ws-nxcore,Pluginctl,000048b02dd3c722,waggle/plugin-iio:0.6.0,bme280,wes-iio-bme280,W0B9,core
2529,2024-08-07 16:50:31.686426618+00:00,env.temperature,47.14,000048b02dd3c814.ws-nxcore,Pluginctl,000048b02dd3c814,waggle/plugin-iio:0.6.0,bme280,wes-iio-bme280,W0B3,core
2437,2024-08-07 16:50:31.982081612+00:00,env.relative_humidity,55.652,0000dca632a307b6.ws-rpi,Pluginctl,000048b02d0766d2,waggle/plugin-iio:0.7.0,bme680,wes-iio-bme680,W014,shield
2490,2024-08-07 16:50:28.046282564+00:00,env.temperature,39.53,000048b02d35a9ce.ws-nxcore,Pluginctl,000048b02d35a9ce,waggle/plugin-iio:0.6.0,bme280,wes-iio-bme280,W085,core
2485,2024-08-07 16:50:40.955686165+00:00,env.temperature,61.06,000048b02d15c31a.ws-nxcore,Pluginctl,000048b02d15c31a,waggle/plugin-iio:0.6.0,bme280,wes-iio-bme280,W01A,core
2448,2024-08-07 16:50:49.430561670+00:00,env.relative_humidity,48.157,0000dca632ed7115.ws-rpi,Pluginctl,000048b02d15bc65,waggle/plugin-iio:0.7.0,bme680,wes-iio-bme680,W088,shield
2517,2024-08-07 16:50:36.649199214+00:00,env.temperature,45.68,000048b02dd3c5bd.ws-nxcore,Pluginctl,000048b02dd3c5bd,waggle/plugin-iio:0.6.0,bme280,wes-iio-bme280,W0B8,core
2520,2024-08-07 16:50:55.843933830+00:00,env.temperature,46.03,000048b02dd3c640.ws-nxcore,Pluginctl,000048b02dd3c640,waggle/plugin-iio:0.6.0,bme280,wes-iio-bme280,W0BA,core
2561,2024-08-07 16:50:46.386332871+00:00,env.temperature,25.55,0000e45f012e378d.ws-rpi,Pluginctl,000048b02dd3c51f,waggle/plugin-iio:0.7.0,bme680,wes-iio-bme680,W099,shield
2176,2024-08-07 16:50:53.402441255+00:00,env.pressure,98945,0000dca632a3058b.ws-rpi,Pluginctl,000048b02d15bc7c,waggle/plugin-iio:0.7.0,bme680,wes-iio-bme680,W023,shield
2431,2024-08-07 16:50:46.858660763+00:00,env.relative_humidity,0,0000d83add18cc59.ws-rpi,Pluginctl,000048b02dd3c551,waggle/plugin-iio:0.7.0,bme680,wes-iio-bme680,W0B2,shield
2387,2024-08-07 16:50:54.698340589+00:00,env.relative_humidity,21.45,000048b02d3ae2f5.ws-nxcore,Pluginctl,000048b02d3ae2f5,waggle/plugin-iio:0.6.0,bme280,wes-iio-bme280,W08B,core
